{
    "batch_size": 29.319082252806748,
    "epochs": 18.493564427131048,
    "learning_rate": 0.0019000671753502962,
    "num_units": 75.73788863061976
}