{
    "batch_size": 23.297119747472575,
    "epochs": 41.407038455720546,
    "learning_rate": 0.0020767704433677613,
    "num_units": 96.91100405847115
}