{
    "batch_size": 62.598222275087714,
    "epochs": 78.22049407993065,
    "learning_rate": 0.009939390993585992,
    "num_units": 135.79288308193682
}