{
    "mae": 119.10698909078326,
    "rmse": 143.48743870036978,
    "training_loss": 0.0067557827569544315,
    "val_loss": 0.009065927006304264
}