{
    "mae": 136.36266355514528,
    "rmse": 181.1664698793561,
    "training_loss": 0.004868278745561838,
    "val_loss": 0.006319853011518717
}